{"P0": {"writing": [[[98.0, 1020.0], [104.0, 1020.0], [110.00000000000001, 1020.0], [132.0, 1030.0], [138.0, 1032.0], [146.0, 1036.0], [148.0, 1036.0], [150.0, 1036.0], [150.0, 1034.0], [150.0, 1032.0], [150.0, 1030.0], [150.0, 1028.0], [148.0, 1022.0], [148.0, 1011.9999999999999], [146.0, 998.0], [144.0, 980.0], [144.0, 960.0], [142.0, 936.0], [140.0, 898.0], [140.0, 876.0], [138.0, 864.0], [138.0, 854.0], [138.0, 849.9999999999999], [138.0, 846.0000000000001], [138.0, 848.0], [138.0, 849.9999999999999], [138.0, 852.0], [136.0, 852.0], [134.0, 854.0], [130.0, 856.0], [128.0, 860.0], [126.0, 861.9999999999999]], [[100.0, 854.0], [106.0, 854.0], [132.0, 854.0], [142.0, 854.0], [168.0, 854.0], [192.0, 854.0], [208.0, 854.0], [224.00000000000003, 849.9999999999999], [234.0, 848.0], [240.0, 846.0000000000001], [246.0, 846.0000000000001], [256.0, 846.0000000000001], [262.0, 846.0000000000001], [266.0, 846.0000000000001]]], "color": ["black", "black"], "width": [2.5, 2.5], "sz": [1600, 1200]}, "P1": {"writing": [[[76.0, 1010.0], [94.0, 1014.0], [112.00000000000001, 1018.0000000000001], [126.0, 1020.0], [144.0, 1022.0], [162.0, 1022.0], [166.0, 1022.0], [180.0, 1016.0], [184.0, 1000.0], [192.0, 965.9999999999999], [196.0, 936.0], [196.0, 900.0], [196.0, 872.0], [190.0, 852.0], [180.0, 836.0], [164.0, 820.0], [148.0, 810.0], [134.0, 806.0], [124.0, 806.0], [113.99999999999999, 806.0], [106.0, 806.0], [100.0, 812.0000000000001], [100.0, 814.0], [98.0, 824.0], [98.0, 826.0], [98.0, 832.0], [98.0, 834.0000000000001], [104.0, 840.0], [113.99999999999999, 844.0], [130.0, 846.0000000000001], [150.0, 848.0], [170.0, 848.0], [184.0, 848.0], [192.0, 848.0], [206.0, 844.0], [214.0, 840.0], [224.00000000000003, 834.0000000000001], [229.99999999999997, 826.0], [234.0, 818.0]]], "color": ["black"], "width": [2.5], "sz": [1600, 1200]}, "P2": {"writing": [[[62.0, 1014.0], [78.0, 1014.0], [102.0, 1014.0], [108.0, 1014.0], [132.0, 1014.0], [142.0, 1014.0], [150.0, 1014.0], [154.0, 1011.9999999999999], [154.0, 1010.0], [154.0, 1008.0], [154.0, 1006.0], [154.0, 1002.0], [152.0, 1000.0], [148.0, 998.0], [146.0, 996.0], [142.0, 992.0], [140.0, 990.0], [126.0, 977.9999999999999], [122.0, 976.0], [112.00000000000001, 972.0000000000001], [108.0, 968.0], [106.0, 965.9999999999999], [112.00000000000001, 965.9999999999999], [118.0, 964.0], [132.0, 954.0], [150.0, 944.0], [168.0, 934.0], [170.0, 931.9999999999999], [186.0, 919.9999999999999], [190.0, 916.0], [192.0, 912.0], [192.0, 910.0], [192.0, 907.9999999999999], [192.0, 906.0], [188.0, 906.0], [174.0, 895.9999999999999], [150.0, 878.0], [110.00000000000001, 854.0], [92.0, 844.0], [84.0, 840.0], [72.0, 834.0000000000001], [64.0, 834.0000000000001], [60.0, 834.0000000000001], [57.99999999999999, 834.0000000000001], [57.99999999999999, 836.0], [57.99999999999999, 837.9999999999999]]], "color": ["black"], "width": [2.5], "sz": [1600, 1200]}, "P3": {"writing": [[[92.0, 994.0], [92.0, 986.0], [92.0, 982.0], [92.0, 976.0], [92.0, 970.0], [92.0, 965.9999999999999], [92.0, 964.0], [92.0, 962.0], [94.0, 962.0], [96.0, 964.0], [98.0, 968.0], [100.0, 970.0], [102.0, 970.0], [112.00000000000001, 972.0000000000001], [118.0, 972.0000000000001], [126.0, 974.0], [130.0, 974.0], [136.0, 974.0], [138.0, 974.0]], [[115.99999999999999, 1006.0], [115.99999999999999, 998.0], [115.99999999999999, 990.0], [115.99999999999999, 972.0000000000001], [115.99999999999999, 950.0], [115.99999999999999, 928.0], [115.99999999999999, 924.0], [115.99999999999999, 918.0], [115.99999999999999, 916.0], [115.99999999999999, 918.0]]], "color": ["black", "black"], "width": [2.5, 2.5], "sz": [1600, 1200]}, "P4": {"writing": [[[120.0, 1008.0], [113.99999999999999, 1008.0], [110.00000000000001, 1008.0], [102.0, 1008.0], [100.0, 1008.0], [96.0, 1008.0], [92.0, 1008.0], [86.0, 1008.0], [82.0, 1008.0], [76.0, 1008.0], [72.0, 1008.0], [70.0, 1008.0], [70.0, 1006.0], [70.0, 1004.0], [72.0, 998.0], [72.0, 990.0], [72.0, 972.0000000000001], [72.0, 964.0], [74.0, 944.0], [74.0, 938.0000000000001], [76.0, 930.0], [76.0, 928.0], [78.0, 928.0], [80.0, 930.0], [80.0, 931.9999999999999], [84.0, 934.0], [90.0, 938.0000000000001], [94.0, 940.0], [106.0, 944.0], [122.0, 946.0], [142.0, 948.0], [154.0, 948.0], [168.0, 948.0], [170.0, 948.0], [172.0, 948.0], [172.0, 946.0], [172.0, 942.0], [168.0, 936.0], [160.0, 926.0000000000001], [150.0, 918.0], [140.0, 912.0], [130.0, 910.0], [120.0, 907.9999999999999], [113.99999999999999, 907.9999999999999], [112.00000000000001, 907.9999999999999]]], "color": ["black"], "width": [2.5], "sz": [1600, 1200]}, "P5": {"writing": [[[124.0, 1008.0], [120.0, 1008.0], [118.0, 1008.0], [112.00000000000001, 1008.0], [108.0, 1008.0], [102.0, 1008.0], [98.0, 1006.0], [92.0, 1006.0], [90.0, 1004.0], [88.0, 1000.0], [88.0, 994.0], [88.0, 982.0], [86.0, 970.0], [86.0, 960.0], [84.0, 950.0], [84.0, 938.0000000000001], [84.0, 931.9999999999999], [84.0, 918.0], [84.0, 910.0], [84.0, 900.0], [84.0, 898.0], [84.0, 890.0], [86.0, 886.0], [90.0, 884.0], [94.0, 882.0], [102.0, 880.0000000000001], [112.00000000000001, 880.0000000000001], [124.0, 882.0], [136.0, 886.0], [146.0, 890.0], [160.0, 894.0], [168.0, 898.0], [174.0, 902.0], [178.0, 904.0], [180.0, 906.0], [182.0, 907.9999999999999], [182.0, 912.0], [182.0, 914.0], [182.0, 916.0], [182.0, 918.0], [180.0, 919.9999999999999], [178.0, 919.9999999999999], [174.0, 919.9999999999999], [168.0, 919.9999999999999], [162.0, 919.9999999999999], [154.0, 922.0], [146.0, 924.0], [140.0, 924.0], [132.0, 924.0], [128.0, 924.0], [124.0, 924.0], [118.0, 924.0], [110.00000000000001, 924.0], [104.0, 924.0], [98.0, 922.0], [96.0, 922.0], [92.0, 922.0], [88.0, 919.9999999999999], [86.0, 919.9999999999999]]], "color": ["black"], "width": [2.5], "sz": [1600, 1200]}, "P6": {"writing": [[[110.00000000000001, 1018.0000000000001], [122.0, 1018.0000000000001], [142.0, 1018.0000000000001], [160.0, 1018.0000000000001], [170.0, 1018.0000000000001], [180.0, 1018.0000000000001], [188.0, 1018.0000000000001], [192.0, 1016.0], [196.0, 1016.0], [200.0, 1014.0], [202.0, 1014.0], [204.0, 1014.0], [204.0, 1010.0], [204.0, 1008.0], [202.0, 1006.0], [198.0, 994.0], [194.0, 988.0], [190.0, 980.0], [184.0, 965.9999999999999], [182.0, 964.0], [180.0, 958.0], [174.0, 952.0], [172.0, 948.0], [170.0, 944.0], [168.0, 942.0], [166.0, 940.0], [164.0, 936.0], [162.0, 930.0], [156.0, 918.0], [152.0, 902.0], [148.0, 895.9999999999999], [146.0, 888.0], [146.0, 886.0], [144.0, 886.0], [144.0, 888.0], [144.0, 890.0]]], "color": ["black"], "width": [2.5], "sz": [1600, 1200]},