{"P0": {"writing": [[[947.5, 555.0], [965.0, 571.4999999999999], [1011.25, 591.0000000000001], [1040.0, 592.5], [1065.0, 592.5], [1085.0, 592.5], [1101.25, 589.5], [1107.5, 576.0], [1108.75, 552.0], [1108.75, 496.4999999999999], [1097.5, 463.5], [1076.25, 420.0], [1052.5, 394.5], [1036.25, 388.5], [1013.75, 385.5], [1000.0, 402.0], [992.5, 433.4999999999999], [993.75, 460.5], [1013.75, 475.5], [1045.0, 478.5000000000001], [1077.5, 478.5000000000001], [1097.5, 469.5], [1116.25, 458.9999999999999], [1123.75, 452.9999999999999], [1132.5, 447.0000000000001], [1136.25, 441.0000000000001]], [[1167.5, 609.0000000000001], [1171.25, 613.5], [1183.75, 628.4999999999999], [1195.0, 637.5], [1211.25, 640.4999999999999], [1230.0, 640.4999999999999], [1240.0, 639.0], [1251.25, 627.0], [1261.25, 600.0], [1261.25, 565.4999999999999], [1261.25, 496.4999999999999], [1252.5, 454.5], [1243.75, 420.0], [1230.0, 391.5000000000001], [1218.75, 379.50000000000006], [1202.5, 376.49999999999994], [1183.75, 399.0], [1176.25, 421.4999999999999], [1175.0, 445.5], [1177.5, 464.9999999999999], [1195.0, 481.5], [1216.25, 484.5000000000001], [1242.5, 484.5000000000001], [1262.5, 477.0], [1281.25, 468.0], [1291.25, 462.0], [1300.0, 457.5], [1305.0, 456.0], [1305.0, 454.5]], [[1006.0, 830.0]]], "sz": [1600, 1080.0]}}