{"P0": {"writing": [], "color": [], "width": [], "sz": [1920, 1017]}, "P1": {"writing": [[[105.6, 874.62], [115.19999999999999, 874.62], [129.6, 874.62], [136.79999999999998, 874.62], [148.79999999999998, 874.62], [158.4, 874.62], [168.0, 874.62], [170.4, 874.62], [172.79999999999998, 874.62], [175.2, 872.9250000000001], [175.2, 866.145], [177.6, 855.975], [180.0, 837.33], [182.4, 811.9050000000001], [182.4, 803.4300000000001], [182.4, 776.3100000000001], [182.4, 762.75], [175.2, 749.19], [165.6, 737.325], [158.4, 732.24], [144.0, 723.765], [127.19999999999999, 720.3749999999999], [115.19999999999999, 720.3749999999999], [108.0, 720.3749999999999], [105.6, 720.3749999999999], [103.2, 720.3749999999999], [100.8, 723.765], [98.39999999999999, 727.1550000000001], [96.0, 732.24], [93.6, 735.6300000000001], [93.6, 740.7149999999999], [93.6, 744.105], [96.0, 745.8000000000001], [103.2, 747.495], [117.6, 749.19], [139.2, 750.885], [148.79999999999998, 752.58], [170.4, 752.58], [187.2, 752.58], [199.2, 752.58], [204.0, 752.58], [206.4, 752.58], [208.79999999999998, 752.58], [211.2, 749.19], [213.6, 745.8000000000001]]], "color": ["black"], "width": [2.5], "sz": [1920, 1017]}, "P2": {"writing": [[[100.8, 889.875], [112.8, 889.875], [122.39999999999999, 889.875], [141.6, 889.875], [153.6, 889.875], [163.2, 889.875], [168.0, 889.875], [168.0, 886.485], [168.0, 883.095], [168.0, 881.4], [163.2, 876.315], [158.4, 872.9250000000001], [156.0, 871.23], [144.0, 862.7550000000001], [132.0, 855.975], [124.8, 852.585], [105.6, 844.11], [96.0, 840.72], [91.2, 839.025], [88.8, 839.025], [88.8, 837.33], [91.2, 837.33], [100.8, 837.33], [120.0, 837.33], [139.2, 832.245], [160.79999999999998, 823.7700000000001], [175.2, 818.685], [187.2, 813.6], [194.4, 808.515], [199.2, 806.82], [201.6, 803.4300000000001], [201.6, 800.0400000000001], [201.6, 798.345], [201.6, 794.9550000000002], [201.6, 788.1750000000001], [201.6, 786.48], [199.2, 784.7850000000001], [192.0, 783.09], [182.4, 781.395], [172.79999999999998, 778.005], [160.79999999999998, 774.615], [148.79999999999998, 771.225], [141.6, 771.225], [136.79999999999998, 769.53], [134.4, 769.53], [132.0, 769.53], [129.6, 767.835], [124.8, 767.835]], [[410.4, 355.95], [405.59999999999997, 359.3400000000001], [400.8, 364.42499999999995], [398.4, 366.12], [396.0, 366.12], [396.0, 367.81500000000005], [396.0, 369.51], [393.59999999999997, 369.51], [391.2, 372.90000000000003], [388.8, 376.29], [388.8, 377.98500000000007], [386.4, 377.98500000000007], [386.4, 379.67999999999995], [386.4, 381.375], [386.4, 384.765], [386.4, 388.1550000000001], [386.4, 389.84999999999997]], [[427.2, 361.035], [427.2, 362.73], [427.2, 364.42499999999995], [424.8, 364.42499999999995], [424.8, 366.12], [424.8, 367.81500000000005], [424.8, 369.51], [422.4, 372.90000000000003], [422.4, 374.59499999999997], [420.0, 377.98500000000007], [417.59999999999997, 381.375], [417.59999999999997, 383.07000000000005], [417.59999999999997, 384.765], [415.2, 384.765]]], "color": ["black", "black", "black"], "width": [2.5, 2.5, 2.5], "sz": [1920, 1017]}, "P3": {"writing": [[[1788.0, 861.0600000000001], [1788.0, 854.2800000000001], [1788.0, 844.11], [1788.0, 837.33], [1788.0, 815.2950000000001], [1788.0, 805.125], [1788.0, 798.345], [1788.0, 794.9550000000002], [1788.0, 793.26], [1790.3999999999999, 794.9550000000002], [1790.3999999999999, 798.345], [1795.2, 798.345], [1795.2, 800.0400000000001], [1800.0, 801.735], [1807.2, 803.4300000000001], [1816.8, 805.125], [1828.8, 806.82], [1836.0, 808.515], [1843.1999999999998, 811.9050000000001], [1848.0, 811.9050000000001], [1850.3999999999999, 811.9050000000001], [1852.8, 813.6], [1855.1999999999998, 813.6]], [[1831.2, 864.45], [1831.2, 861.0600000000001], [1831.2, 852.585], [1831.2, 842.4150000000001], [1831.2, 830.5500000000001], [1831.2, 818.685], [1831.2, 811.9050000000001], [1833.6, 798.345], [1833.6, 794.9550000000002], [1836.0, 788.1750000000001], [1836.0, 786.48], [1836.0, 784.7850000000001], [1836.0, 783.09], [1836.0, 781.395], [1838.3999999999999, 779.6999999999999], [1838.3999999999999, 778.005], [1838.3999999999999, 776.3100000000001]]], "color": ["black", "black"], "width": [2.5, 2.5], "sz": [1920, 1017]}, "P4": {"writing": [[[110.39999999999999, 879.705], [98.39999999999999, 879.705], [81.6, 879.705], [64.8, 879.705], [52.8, 879.705], [40.8, 879.705], [36.0, 879.705], [33.6, 879.705], [36.0, 879.705], [36.0, 878.01], [38.4, 876.315], [40.8, 876.315], [43.199999999999996, 872.9250000000001], [45.6, 869.5350000000001], [48.0, 867.8399999999999], [50.4, 866.145], [52.8, 862.7550000000001], [55.199999999999996, 861.0600000000001], [55.199999999999996, 855.975], [57.599999999999994, 850.89], [60.0, 845.8050000000001], [62.4, 839.025], [64.8, 835.635], [64.8, 832.245], [64.8, 830.5500000000001], [67.2, 828.8549999999999], [69.6, 828.8549999999999], [72.0, 832.245], [74.39999999999999, 833.9400000000002], [76.8, 833.9400000000002], [86.39999999999999, 835.635], [100.8, 837.33], [122.39999999999999, 837.33], [132.0, 837.33], [153.6, 837.33], [165.6, 833.9400000000002], [170.4, 832.245], [172.79999999999998, 830.5500000000001], [172.79999999999998, 828.8549999999999], [172.79999999999998, 825.465], [172.79999999999998, 822.075], [172.79999999999998, 816.99], [170.4, 813.6], [168.0, 810.21], [165.6, 808.515], [153.6, 805.125], [139.2, 800.0400000000001], [117.6, 791.565], [93.6, 783.09], [81.6, 776.3100000000001], [69.6, 772.9200000000001], [62.4, 769.53], [60.0, 769.53], [60.0, 767.835]]], "color": ["black"], "width": [2.5], "sz": [1920, 1017]}, "P5": {"writing": [[[1838.3999999999999, 874.62], [1836.0, 874.62], [1826.3999999999999, 874.62], [1814.3999999999999, 874.62], [1807.2, 874.62], [1800.0, 874.62], [1792.8, 874.62], [1790.3999999999999, 874.62], [1788.0, 874.62], [1785.6, 871.23], [1780.8, 864.45], [1776.0, 855.975], [1771.2, 842.4150000000001], [1768.8, 837.33], [1764.0, 815.2950000000001], [1764.0, 801.735], [1764.0, 793.26], [1764.0, 783.09], [1764.0, 774.615], [1768.8, 767.835], [1773.6, 761.0550000000001], [1776.0, 757.6650000000001], [1788.0, 747.495], [1795.2, 744.105], [1804.8, 740.7149999999999], [1812.0, 739.02], [1816.8, 737.325], [1826.3999999999999, 737.325], [1833.6, 737.325], [1840.8, 740.7149999999999], [1848.0, 745.8000000000001], [1857.6, 754.275], [1860.0, 759.3599999999999], [1862.3999999999999, 761.0550000000001], [1864.8, 762.75], [1864.8, 764.445], [1862.3999999999999, 766.14], [1860.0, 767.835], [1860.0, 769.53], [1857.6, 771.225], [1852.8, 774.615], [1848.0, 778.005], [1845.6, 778.005], [1833.6, 779.6999999999999], [1824.0, 779.6999999999999], [1814.3999999999999, 779.6999999999999], [1807.2, 779.6999999999999], [1797.6, 779.6999999999999], [1783.2, 779.6999999999999], [1778.3999999999999, 778.005], [1768.8, 774.615], [1766.3999999999999, 772.9200000000001], [1764.0, 771.225]]], "color": ["black"], "width": [2.5], "sz": [1920, 1017]}, "P6": {"writing": [[[93.6, 874.62], [98.39999999999999, 874.62], [108.0, 874.62], [117.6, 874.62], [129.6, 874.62], [139.2, 874.62], [148.79999999999998, 874.62], [158.4, 874.62], [165.6, 874.62], [170.4, 874.62], [177.6, 874.62], [182.4, 874.62], [192.0, 871.23], [199.2, 871.23], [206.4, 869.5350000000001], [211.2, 869.5350000000001], [216.0, 867.8399999999999], [218.4, 867.8399999999999], [218.4, 866.145], [218.4, 864.45], [218.4, 862.7550000000001], [218.4, 859.365], [216.0, 855.975], [213.6, 845.8050000000001], [211.2, 832.245], [204.0, 813.6], [201.6, 803.4300000000001], [199.2, 798.345], [196.79999999999998, 791.565], [194.4, 789.8699999999999], [194.4, 786.48], [192.0, 784.7850000000001], [192.0, 783.09], [189.6, 781.395], [189.6, 779.6999999999999], [187.2, 771.225], [182.4, 766.14], [180.0, 761.0550000000001], [180.0, 754.275], [177.6, 750.885], [177.6, 749.19]]], "color": ["black"], "width": [2.5], "sz": [1920, 1017]},