{"P0": {"writing": [[[238.0, 880.0000000000001], [250.0, 894.0], [270.0, 914.0], [306.0, 931.9999999999999], [350.0, 942.0], [398.0, 942.0], [422.0, 942.0], [462.0, 922.0], [478.0, 892.0000000000001], [484.0, 854.0], [484.0, 826.0], [476.0, 780.0], [455.99999999999994, 756.0], [404.0, 722.0], [380.0, 720.0], [358.0, 720.0], [348.0, 726.0], [340.0, 732.0], [338.0, 744.0], [344.0, 756.0], [368.0, 776.0000000000001], [408.0, 790.0], [463.99999999999994, 791.9999999999999], [520.0, 791.9999999999999], [550.0, 781.9999999999999], [570.0, 774.0], [584.0, 766.0], [590.0, 762.0]], [[640.0, 926.0000000000001], [646.0, 926.0000000000001], [658.0, 918.0], [666.0, 912.0], [684.0, 902.0], [706.0, 890.0], [738.0, 873.9999999999999], [764.0, 860.0], [778.0, 854.0], [803.9999999999999, 840.0], [826.0, 826.0], [836.0, 822.0000000000001], [838.0000000000001, 820.0], [842.0, 818.0]], [[764.0, 956.0], [764.0, 936.0], [762.0, 904.0], [760.0, 884.0], [756.0, 860.0], [752.0, 832.0], [752.0, 820.0], [752.0, 810.0], [752.0, 806.0], [752.0, 803.9999999999999]], [[930.0000000000001, 846.0000000000001]], [[446.0, 646.0], [450.0, 646.0], [476.0, 650.0000000000001], [512.0, 660.0], [562.0, 672.0000000000001], [616.0, 686.0], [650.0, 692.0], [692.0, 699.9999999999999], [742.0, 710.0], [756.0, 716.0], [798.0, 728.0], [810.0, 732.0], [842.0, 742.0000000000001], [850.0, 744.0], [858.0, 745.9999999999999], [861.9999999999999, 748.0], [864.0, 748.0], [866.0, 750.0], [866.0, 752.0], [868.0, 754.0000000000001], [872.0000000000001, 757.9999999999999], [877.9999999999999, 764.0], [880.0000000000001, 764.0], [884.0, 768.0], [884.0, 769.9999999999999], [886.0, 769.9999999999999]], [[640.0, 592.0], [640.0, 586.0], [640.0, 562.0], [640.0, 542.0], [640.0, 532.0], [640.0, 522.0000000000001], [640.0, 520.0], [640.0, 518.0], [642.0, 518.0], [644.0, 520.0], [652.0, 524.0], [664.0, 532.0], [670.0, 536.0], [678.0, 542.0], [686.0, 546.0], [694.0, 550.0], [698.0, 552.0], [700.0, 554.0], [702.0, 554.0], [704.0, 554.0]], [[692.0, 628.0], [692.0, 619.9999999999999], [692.0, 596.0], [692.0, 582.0], [692.0, 548.0], [692.0, 524.0], [692.0, 508.0], [692.0, 486.00000000000006], [692.0, 481.99999999999994], [692.0, 480.0]]], "color": ["black", "red", "red", "red", "red", "black", "black"], "width": [2.5, 2.5, 2.5, 3.5, 3.5, 1.75, 1.75], "sz": [1600, 1080.0]}}