{"P1": {"writing": [], "sz": [1600, 1080.0]}, "P0": {"writing": [[[186.25, 703.5], [192.5, 706.5], [203.75, 707.9999999999999], [210.0, 707.9999999999999], [240.00000000000003, 707.9999999999999], [248.75000000000003, 702.0], [258.75, 691.5], [261.25000000000006, 687.0], [265.00000000000006, 666.0], [265.00000000000006, 643.5], [258.75, 624.0], [242.50000000000003, 600.0], [217.50000000000003, 579.0], [196.25, 571.5], [182.5, 568.4999999999999], [171.25, 568.4999999999999], [167.5, 570.0], [166.25, 574.5], [168.75, 582.0], [177.5, 592.5], [190.0, 601.5], [203.75, 607.5], [215.0, 609.0], [226.25, 609.0], [228.75, 609.0], [237.5, 602.9999999999998], [242.50000000000003, 595.4999999999999], [248.75000000000003, 585.0], [255.00000000000003, 577.4999999999999], [261.25000000000006, 570.0]]], "sz": [1600, 1080.0]}, "P2": {"writing": [], "sz": [2560, 1440.0]}}