{"P0": {"writing": [[[1351.0, 826.0], [1341.0, 811.0], [1337.0, 802.0], [1334.0, 792.0], [1330.0, 767.0], [1330.0, 739.0], [1333.0, 725.0], [1347.0, 693.0], [1366.0, 660.0], [1376.0, 643.0], [1392.0, 614.0], [1401.0, 587.9999999999999], [1403.0, 577.0], [1403.0, 567.0], [1393.0, 548.0], [1382.0, 541.0], [1351.0, 532.0], [1315.0, 530.9999999999999], [1298.0, 534.0000000000001], [1281.0, 541.0]]], "sz": [1920, 915.3000000000001]}, "P1": {"writing": [], "sz": [1920, 915.3000000000001]}}