{"P0": {"a": [[[722.0, 823.0], [717.0, 817.0], [705.0, 804.0], [700.0, 797.0], [689.0, 783.0], [684.0, 776.0], [677.0, 752.0], [670.0, 724.0], [668.0, 708.0], [665.0, 678.0000000000001], [665.0, 664.0], [667.0, 637.0], [673.0, 623.0], [691.0, 597.0], [715.0, 573.0000000000001], [748.0, 549.9999999999999], [781.0, 530.9999999999999], [796.0, 522.0], [818.0, 508.0], [826.0, 500.99999999999994], [838.0, 483.00000000000006], [841.0, 464.00000000000006], [842.0, 452.99999999999994], [839.0, 435.00000000000006], [833.0, 427.0], [813.0, 413.0], [801.0, 408.0], [775.0, 401.00000000000006], [751.0, 399.99999999999994], [740.0, 399.99999999999994], [715.0, 404.99999999999994], [703.0, 409.99999999999994], [682.0, 423.0], [668.0, 439.00000000000006]]]}, "P1": {"a": [[[360.0, 902.0], [370.0, 892.0000000000001], [376.0, 886.0], [388.0, 878.0], [404.0, 861.9999999999999], [424.0, 834.0000000000001], [434.0, 815.9999999999999], [444.00000000000006, 776.0000000000001], [448.00000000000006, 766.0], [448.00000000000006, 752.0], [450.0, 742.0000000000001], [450.0, 738.0], [450.0, 736.0]], [[474.0, 928.0], [474.0, 926.0000000000001], [474.0, 918.0], [474.0, 914.0], [466.0, 904.0], [459.99999999999994, 895.9999999999999], [451.99999999999994, 890.0], [436.00000000000006, 880.0000000000001], [422.0, 868.0000000000001], [412.0, 860.0], [404.0, 852.0], [392.0, 840.0], [386.0, 834.0000000000001], [376.0, 822.0000000000001], [366.0, 812.0000000000001], [362.0, 808.0], [354.0, 800.0000000000001], [354.0, 798.0], [352.0, 798.0], [350.0, 796.0], [350.0, 791.9999999999999], [350.0, 790.0], [348.0, 786.0], [346.0, 784.0], [344.0, 781.9999999999999], [344.0, 780.0], [342.0, 778.0], [342.0, 776.0000000000001], [342.0, 774.0], [340.0, 769.9999999999999], [340.0, 768.0]], [[508.0, 1011.9999999999999], [512.0, 1011.9999999999999], [522.0, 1011.9999999999999], [534.0, 1011.9999999999999], [540.0, 1011.9999999999999], [548.0, 1011.9999999999999], [554.0, 1011.9999999999999], [558.0, 1011.9999999999999], [562.0, 1011.9999999999999], [566.0, 1006.0], [568.0, 1000.0], [570.0, 994.0], [572.0, 984.0000000000001], [574.0, 965.9999999999999], [574.0, 960.0], [570.0, 942.0], [562.0, 926.0000000000001], [554.0, 914.0], [544.0, 900.0], [536.0, 892.0000000000001], [528.0, 886.0], [518.0, 884.0], [505.99999999999994, 882.0], [501.99999999999994, 882.0], [496.0, 882.0], [492.0, 884.0], [492.0, 888.0], [492.0, 890.0], [492.0, 894.0], [492.0, 895.9999999999999], [492.0, 900.0], [492.0, 904.0], [496.0, 910.0], [501.99999999999994, 912.0], [514.0, 918.0], [520.0, 918.0], [528.0, 919.9999999999999], [538.0, 919.9999999999999], [546.0, 919.9999999999999], [556.0, 919.9999999999999], [564.0, 919.9999999999999], [570.0, 916.0], [574.0, 912.0], [578.0, 910.0]]]}}