{"P0": {"a": [[[290.0, 928.0], [290.0, 940.0], [292.0, 948.0], [298.0, 956.0], [312.0, 965.9999999999999], [328.0, 970.0], [356.0, 970.0], [362.0, 970.0], [380.0, 968.0], [392.0, 962.0], [396.0, 950.0], [396.0, 926.0000000000001], [392.0, 892.0000000000001], [374.0, 849.9999999999999], [346.0, 808.0], [322.0, 784.0], [294.0, 762.0], [264.0, 752.0], [234.0, 752.0], [220.00000000000003, 757.9999999999999], [212.0, 762.0], [210.0, 768.0], [214.0, 776.0000000000001], [238.0, 781.9999999999999], [258.0, 781.9999999999999], [284.0, 781.9999999999999], [310.0, 781.9999999999999], [324.0, 776.0000000000001], [332.0, 774.0], [338.0, 772.0], [340.0, 769.9999999999999], [342.0, 766.0]], [[458.0, 894.0], [474.0, 884.0], [486.00000000000006, 873.9999999999999], [504.0, 860.0], [518.0, 848.0], [526.0, 842.0], [534.0, 836.0], [540.0, 830.0], [546.0, 820.0], [546.0, 815.9999999999999], [546.0, 814.0]], [[538.0, 907.9999999999999], [522.0, 884.0], [516.0, 873.9999999999999], [514.0, 866.0], [498.00000000000006, 840.0], [486.00000000000006, 815.9999999999999], [480.0, 806.0], [474.0, 791.9999999999999], [472.0, 790.0], [470.0, 790.0]], [[692.0, 968.0], [692.0, 962.0], [692.0, 956.0], [692.0, 946.0], [692.0, 940.0], [692.0, 912.0], [692.0, 890.0], [692.0, 888.0], [692.0, 886.0]], [[660.0, 914.0], [674.0, 916.0], [682.0, 918.0], [694.0, 919.9999999999999], [718.0, 926.0000000000001], [720.0, 926.0000000000001], [724.0, 928.0]], [[834.0, 970.0], [834.0, 968.0], [834.0, 962.0], [834.0, 954.0], [834.0, 944.0], [834.0, 930.0], [834.0, 916.0], [834.0, 904.0], [834.0, 898.0], [834.0, 888.0], [834.0, 884.0], [834.0, 882.0], [842.0, 882.0], [853.9999999999999, 886.0], [861.9999999999999, 888.0], [877.9999999999999, 895.9999999999999], [888.0000000000001, 898.0], [916.0, 907.9999999999999], [934.0, 912.0], [946.0000000000001, 914.0], [956.0, 916.0], [961.9999999999999, 919.9999999999999], [964.0, 919.9999999999999]], [[918.0, 980.0], [918.0, 970.0], [918.0, 956.0], [918.0, 936.0], [918.0, 916.0], [918.0, 904.0], [918.0, 890.0], [918.0, 888.0], [918.0, 884.0], [918.0, 880.0000000000001], [918.0, 876.0], [918.0, 872.0], [918.0, 870.0]]]}, "P1": {"a": [[[360.0, 902.0], [370.0, 892.0000000000001], [376.0, 886.0], [388.0, 878.0], [404.0, 861.9999999999999], [424.0, 834.0000000000001], [434.0, 815.9999999999999], [444.00000000000006, 776.0000000000001], [448.00000000000006, 766.0], [448.00000000000006, 752.0], [450.0, 742.0000000000001], [450.0, 738.0], [450.0, 736.0]], [[474.0, 928.0], [474.0, 926.0000000000001], [474.0, 918.0], [474.0, 914.0], [466.0, 904.0], [459.99999999999994, 895.9999999999999], [451.99999999999994, 890.0], [436.00000000000006, 880.0000000000001], [422.0, 868.0000000000001], [412.0, 860.0], [404.0, 852.0], [392.0, 840.0], [386.0, 834.0000000000001], [376.0, 822.0000000000001], [366.0, 812.0000000000001], [362.0, 808.0], [354.0, 800.0000000000001], [354.0, 798.0], [352.0, 798.0], [350.0, 796.0], [350.0, 791.9999999999999], [350.0, 790.0], [348.0, 786.0], [346.0, 784.0], [344.0, 781.9999999999999], [344.0, 780.0], [342.0, 778.0], [342.0, 776.0000000000001], [342.0, 774.0], [340.0, 769.9999999999999], [340.0, 768.0]], [[508.0, 1011.9999999999999], [512.0, 1011.9999999999999], [522.0, 1011.9999999999999], [534.0, 1011.9999999999999], [540.0, 1011.9999999999999], [548.0, 1011.9999999999999], [554.0, 1011.9999999999999], [558.0, 1011.9999999999999], [562.0, 1011.9999999999999], [566.0, 1006.0], [568.0, 1000.0], [570.0, 994.0], [572.0, 984.0000000000001], [574.0, 965.9999999999999], [574.0, 960.0], [570.0, 942.0], [562.0, 926.0000000000001], [554.0, 914.0], [544.0, 900.0], [536.0, 892.0000000000001], [528.0, 886.0], [518.0, 884.0], [505.99999999999994, 882.0], [501.99999999999994, 882.0], [496.0, 882.0], [492.0, 884.0], [492.0, 888.0], [492.0, 890.0], [492.0, 894.0], [492.0, 895.9999999999999], [492.0, 900.0], [492.0, 904.0], [496.0, 910.0], [501.99999999999994, 912.0], [514.0, 918.0], [520.0, 918.0], [528.0, 919.9999999999999], [538.0, 919.9999999999999], [546.0, 919.9999999999999], [556.0, 919.9999999999999], [564.0, 919.9999999999999], [570.0, 916.0], [574.0, 912.0], [578.0, 910.0]]]}}