{"P0": {"writing": [[[78.0, 1034.0], [82.0, 1038.0], [86.0, 1038.0], [90.0, 1040.0], [94.0, 1042.0], [94.0, 1040.0], [94.0, 1038.0]], [[98.0, 1036.0], [98.0, 1030.0], [98.0, 1010.0], [98.0, 992.0], [98.0, 980.0], [98.0, 952.0], [98.0, 942.0], [98.0, 934.0], [98.0, 931.9999999999999], [98.0, 930.0], [98.0, 928.0]], [[34.0, 924.0], [54.0, 924.0], [70.0, 924.0], [80.0, 924.0], [104.0, 924.0], [118.0, 924.0], [134.0, 924.0], [142.0, 924.0], [150.0, 924.0], [158.0, 924.0], [160.0, 924.0], [164.0, 924.0]]], "color": ["black", "black", "black"], "width": [2.5, 2.5, 2.5], "sz": [1600, 1200]}, "P1": {"writing": [[[88.0, 1032.0], [96.0, 1032.0], [108.0, 1032.0], [113.99999999999999, 1032.0], [124.0, 1032.0], [132.0, 1032.0], [140.0, 1032.0], [142.0, 1032.0], [144.0, 1032.0], [146.0, 1030.0], [146.0, 1022.0], [148.0, 1010.0], [150.0, 988.0], [152.0, 958.0], [152.0, 948.0], [152.0, 916.0], [152.0, 900.0], [146.0, 884.0], [138.0, 870.0], [132.0, 864.0], [120.0, 854.0], [106.0, 849.9999999999999], [96.0, 849.9999999999999], [90.0, 849.9999999999999], [88.0, 849.9999999999999], [86.0, 849.9999999999999], [84.0, 854.0], [82.0, 858.0000000000001], [80.0, 864.0], [78.0, 868.0000000000001], [78.0, 873.9999999999999], [78.0, 878.0], [80.0, 880.0000000000001], [86.0, 882.0], [98.0, 884.0], [115.99999999999999, 886.0], [124.0, 888.0], [142.0, 888.0], [156.0, 888.0], [166.0, 888.0], [170.0, 888.0], [172.0, 888.0], [174.0, 888.0], [176.0, 884.0], [178.0, 880.0000000000001]]], "color": ["black"], "width": [2.5], "sz": [1600, 1200]}, "P2": {"writing": [[[84.0, 1050.0], [94.0, 1050.0], [102.0, 1050.0], [118.0, 1050.0], [128.0, 1050.0], [136.0, 1050.0], [140.0, 1050.0], [140.0, 1046.0], [140.0, 1042.0], [140.0, 1040.0], [136.0, 1034.0], [132.0, 1030.0], [130.0, 1028.0], [120.0, 1018.0000000000001], [110.00000000000001, 1010.0], [104.0, 1006.0], [88.0, 996.0], [80.0, 992.0], [76.0, 990.0], [74.0, 990.0], [74.0, 988.0], [76.0, 988.0], [84.0, 988.0], [100.0, 988.0], [115.99999999999999, 982.0], [134.0, 972.0000000000001], [146.0, 965.9999999999999], [156.0, 960.0], [162.0, 954.0], [166.0, 952.0], [168.0, 948.0], [168.0, 944.0], [168.0, 942.0], [168.0, 938.0000000000001], [168.0, 930.0], [168.0, 928.0], [166.0, 926.0000000000001], [160.0, 924.0], [152.0, 922.0], [144.0, 918.0], [134.0, 914.0], [124.0, 910.0], [118.0, 910.0], [113.99999999999999, 907.9999999999999], [112.00000000000001, 907.9999999999999], [110.00000000000001, 907.9999999999999], [108.0, 906.0], [104.0, 906.0]]], "color": ["black"], "width": [2.5], "sz": [1600, 1200]}, "P3": {"writing": [[[1490.0, 1016.0], [1490.0, 1008.0], [1490.0, 996.0], [1490.0, 988.0], [1490.0, 962.0], [1490.0, 950.0], [1490.0, 942.0], [1490.0, 938.0000000000001], [1490.0, 936.0], [1492.0, 938.0000000000001], [1492.0, 942.0], [1496.0, 942.0], [1496.0, 944.0], [1500.0, 946.0], [1506.0, 948.0], [1514.0, 950.0], [1524.0, 952.0], [1530.0, 954.0], [1536.0, 958.0], [1540.0, 958.0], [1542.0, 958.0], [1544.0, 960.0], [1546.0, 960.0]], [[1526.0, 1020.0], [1526.0, 1016.0], [1526.0, 1006.0], [1526.0, 994.0], [1526.0, 980.0], [1526.0, 965.9999999999999], [1526.0, 958.0], [1528.0, 942.0], [1528.0, 938.0000000000001], [1530.0, 930.0], [1530.0, 928.0], [1530.0, 926.0000000000001], [1530.0, 924.0], [1530.0, 922.0], [1532.0, 919.9999999999999], [1532.0, 918.0], [1532.0, 916.0]]], "color": ["black", "black"], "width": [2.5, 2.5], "sz": [1600, 1200]}, "P4": {"writing": [[[92.0, 1038.0], [82.0, 1038.0], [68.0, 1038.0], [54.0, 1038.0], [44.0, 1038.0], [34.0, 1038.0], [30.0, 1038.0], [28.000000000000004, 1038.0], [30.0, 1038.0], [30.0, 1036.0], [32.0, 1034.0], [34.0, 1034.0], [36.0, 1030.0], [38.0, 1026.0], [40.0, 1023.9999999999999], [42.0, 1022.0], [44.0, 1018.0000000000001], [46.0, 1016.0], [46.0, 1010.0], [48.0, 1004.0], [50.0, 998.0], [52.0, 990.0], [54.0, 986.0], [54.0, 982.0], [54.0, 980.0], [56.00000000000001, 977.9999999999999], [57.99999999999999, 977.9999999999999], [60.0, 982.0], [62.0, 984.0000000000001], [64.0, 984.0000000000001], [72.0, 986.0], [84.0, 988.0], [102.0, 988.0], [110.00000000000001, 988.0], [128.0, 988.0], [138.0, 984.0000000000001], [142.0, 982.0], [144.0, 980.0], [144.0, 977.9999999999999], [144.0, 974.0], [144.0, 970.0], [144.0, 964.0], [142.0, 960.0], [140.0, 956.0], [138.0, 954.0], [128.0, 950.0], [115.99999999999999, 944.0], [98.0, 934.0], [78.0, 924.0], [68.0, 916.0], [57.99999999999999, 912.0], [52.0, 907.9999999999999], [50.0, 907.9999999999999], [50.0, 906.0]]], "color": ["black"], "width": [2.5], "sz": [1600, 1200]}, "P5": {"writing": [[[1532.0, 1032.0], [1530.0, 1032.0], [1522.0, 1032.0], [1512.0, 1032.0], [1506.0, 1032.0], [1500.0, 1032.0], [1494.0, 1032.0], [1492.0, 1032.0], [1490.0, 1032.0], [1488.0, 1028.0], [1484.0, 1020.0], [1480.0, 1010.0], [1476.0, 994.0], [1474.0, 988.0], [1470.0, 962.0], [1470.0, 946.0], [1470.0, 936.0], [1470.0, 924.0], [1470.0, 914.0], [1474.0, 906.0], [1478.0, 898.0], [1480.0, 894.0], [1490.0, 882.0], [1496.0, 878.0], [1504.0, 873.9999999999999], [1510.0, 872.0], [1514.0, 870.0], [1522.0, 870.0], [1528.0, 870.0], [1534.0, 873.9999999999999], [1540.0, 880.0000000000001], [1548.0, 890.0], [1550.0, 895.9999999999999], [1552.0, 898.0], [1554.0, 900.0], [1554.0, 902.0], [1552.0, 904.0], [1550.0, 906.0], [1550.0, 907.9999999999999], [1548.0, 910.0], [1544.0, 914.0], [1540.0, 918.0], [1538.0, 918.0], [1528.0, 919.9999999999999], [1520.0, 919.9999999999999], [1512.0, 919.9999999999999], [1506.0, 919.9999999999999], [1498.0, 919.9999999999999], [1486.0, 919.9999999999999], [1482.0, 918.0], [1474.0, 914.0], [1472.0, 912.0], [1470.0, 910.0]]], "color": ["black"], "width": [2.5], "sz": [1600, 1200]}, "P6": {"writing": [[[78.0, 1032.0], [82.0, 1032.0], [90.0, 1032.0], [98.0, 1032.0], [108.0, 1032.0], [115.99999999999999, 1032.0], [124.0, 1032.0], [132.0, 1032.0], [138.0, 1032.0], [142.0, 1032.0], [148.0, 1032.0], [152.0, 1032.0], [160.0, 1028.0], [166.0, 1028.0], [172.0, 1026.0], [176.0, 1026.0], [180.0, 1023.9999999999999], [182.0, 1023.9999999999999], [182.0, 1022.0], [182.0, 1020.0], [182.0, 1018.0000000000001], [182.0, 1014.0], [180.0, 1010.0], [178.0, 998.0], [176.0, 982.0], [170.0, 960.0], [168.0, 948.0], [166.0, 942.0], [164.0, 934.0], [162.0, 931.9999999999999], [162.0, 928.0], [160.0, 926.0000000000001], [160.0, 924.0], [158.0, 922.0], [158.0, 919.9999999999999], [156.0, 910.0], [152.0, 904.0], [150.0, 898.0], [150.0, 890.0], [148.0, 886.0], [148.0, 884.0]]], "color": ["black"], "width": [2.5], "sz": [1600, 1200]},